Workbook

Sheet Plaza SP Tar & Ben
A1: Division | B1: Area | C1: Plaza Name | D1: Base Sales Target | E1: Target-1 (350 Cr) | F1: Target-2 (400 Cr) | G1: Target-3 (440 Cr) | H1: Target-4 (480 Cr) | I1: Target-5 (520 Cr) | J1: Target-6 (560 Cr) | K1: Target-7 (600 Cr)
A2: Division-01 | B2: Dhaka Central Area | C2: Walton Plaza-Ati Bazar | D2: 2928133 | E2: 3196150.9 | F2: 3652743.9 | G2: 4018018.3 | H2: 4383292.6 | I2: 4748567 | J2: 5113841.4 | K2: 5479115.8
A3: Division-01 | B3: Dhaka Central Area | C3: Walton Plaza-Azimpur | D3: 4468551 | E3: 4877566.4 | F3: 5574361.6 | G3: 6131797.8 | H3: 6689234 | I3: 7246670.1 | J3: 7804106.3 | K3: 8361542.5
A4: Division-01 | B4: Dhaka Central Area | C4: Walton Plaza-Banglamotor | D4: 5082905 | E4: 5548153.5 | F4: 6340746.8 | G4: 6974821.5 | H4: 7608896.2 | I4: 8242970.9 | J4: 8877045.6 | K4: 9511120.3
A5: Division-01 | B5: Dhaka Central Area | C5: Walton Plaza-Bangshal | D5: 2829647 | E5: 3088650.3 | F5: 3529886 | G5: 3882874.6 | H5: 4235863.2 | I5: 4588851.8 | J5: 4941840.4 | K5: 5294829
A6: Division-01 | B6: Dhaka Central Area | C6: Walton Plaza-Bosila, Mohammadpur | D6: 1764009 | E6: 1925472.3 | F6: 2200539.8 | G6: 2420593.7 | H6: 2640647.7 | I6: 2860701.7 | J6: 3080755.7 | K6: 3300809.6
A7: Division-01 | B7: Dhaka Central Area | C7: Walton Plaza-Chakbazar, Dhaka | D7: 2202234 | E7: 2403808.9 | F7: 2747210.2 | G7: 3021931.2 | H7: 3296652.2 | I7: 3571373.2 | J7: 3846094.2 | K7: 4120815.2
A8: Division-01 | B8: Dhaka Central Area | C8: Walton Plaza-Elephant Road, Dhaka | D8: 3333392 | E8: 3638504.1 | F8: 4158290.4 | G8: 4574119.4 | H8: 4989948.4 | I8: 5405777.5 | J8: 5821606.5 | K8: 6237435.5

Sheet Cal
E1: With 25 June 26 | G1: Within Month
A2: Division | B2: Area | C2: Plaza Name | D2: Base Sales Target | E2: Target-1 | F2: Benefit | G2: Target-2 | H2: Benefit | I2: Target-3 | J2: Benefit | K2: Target-4 | L2: Benefit | M2: Target-5 | N2: Benefit | O2: Target-6 | P2: Benefit | Q2: Target-7 | R2: Benefit
A3: Division-01 | B3: Dhaka Central Area | C3: Walton Plaza-Ati Bazar | D3: 2928133 | E3: =_xlfn.XLOOKUP($C3,'Plaza SP Tar'!$C:$C,'Plaza SP Tar'!E:E) -> 3196150.9 | F3: 10000 | G3: =_xlfn.XLOOKUP($C3,'Plaza SP Tar'!$C:$C,'Plaza SP Tar'!F:F) -> 3652743.9 | H3: 18000 | I3: =_xlfn.XLOOKUP($C3,'Plaza SP Tar'!$C:$C,'Plaza SP Tar'!G:G) -> 4018018.3 | J3: 25000 | K3: =_xlfn.XLOOKUP($C3,'Plaza SP Tar'!$C:$C,'Plaza SP Tar'!H:H) -> 4383292.6 | L3: 30000 | M3: =_xlfn.XLOOKUP($C3,'Plaza SP Tar'!$C:$C,'Plaza SP Tar'!I:I) -> 4748567 | N3: 40000 | O3: =_xlfn.XLOOKUP($C3,'Plaza SP Tar'!$C:$C,'Plaza SP Tar'!J:J) -> 5113841.4 | P3: 45000 | Q3: =_xlfn.XLOOKUP($C3,'Plaza SP Tar'!$C:$C,'Plaza SP Tar'!K:K) -> 5479115.8 | R3: 50000
A4: Division-01 | B4: Dhaka Central Area | C4: Walton Plaza-Azimpur | D4: 4468551 | E4: =_xlfn.XLOOKUP($C4,'Plaza SP Tar'!$C:$C,'Plaza SP Tar'!E:E) -> 4877566.4 | F4: 10000 | G4: =_xlfn.XLOOKUP($C4,'Plaza SP Tar'!$C:$C,'Plaza SP Tar'!F:F) -> 5574361.6 | H4: 18000 | I4: =_xlfn.XLOOKUP($C4,'Plaza SP Tar'!$C:$C,'Plaza SP Tar'!G:G) -> 6131797.8 | J4: 25000 | K4: =_xlfn.XLOOKUP($C4,'Plaza SP Tar'!$C:$C,'Plaza SP Tar'!H:H) -> 6689234 | L4: 30000 | M4: =_xlfn.XLOOKUP($C4,'Plaza SP Tar'!$C:$C,'Plaza SP Tar'!I:I) -> 7246670.1 | N4: 40000 | O4: =_xlfn.XLOOKUP($C4,'Plaza SP Tar'!$C:$C,'Plaza SP Tar'!J:J) -> 7804106.3 | P4: 45000 | Q4: =_xlfn.XLOOKUP($C4,'Plaza SP Tar'!$C:$C,'Plaza SP Tar'!K:K) -> 8361542.5 | R4: 50000
A5: Division-01 | B5: Dhaka Central Area | C5: Walton Plaza-Banglamotor | D5: 5082905 | E5: =_xlfn.XLOOKUP($C5,'Plaza SP Tar'!$C:$C,'Plaza SP Tar'!E:E) -> 5548153.5 | F5: 10000 | G5: =_xlfn.XLOOKUP($C5,'Plaza SP Tar'!$C:$C,'Plaza SP Tar'!F:F) -> 6340746.8 | H5: 18000 | I5: =_xlfn.XLOOKUP($C5,'Plaza SP Tar'!$C:$C,'Plaza SP Tar'!G:G) -> 6974821.5 | J5: 25000 | K5: =_xlfn.XLOOKUP($C5,'Plaza SP Tar'!$C:$C,'Plaza SP Tar'!H:H) -> 7608896.2 | L5: 30000 | M5: =_xlfn.XLOOKUP($C5,'Plaza SP Tar'!$C:$C,'Plaza SP Tar'!I:I) -> 8242970.9 | N5: 40000 | O5: =_xlfn.XLOOKUP($C5,'Plaza SP Tar'!$C:$C,'Plaza SP Tar'!J:J) -> 8877045.6 | P5: 45000 | Q5: =_xlfn.XLOOKUP($C5,'Plaza SP Tar'!$C:$C,'Plaza SP Tar'!K:K) -> 9511120.3 | R5: 50000
A6: Division-01 | B6: Dhaka Central Area | C6: Walton Plaza-Bangshal | D6: 2829647 | E6: =_xlfn.XLOOKUP($C6,'Plaza SP Tar'!$C:$C,'Plaza SP Tar'!E:E) -> 3088650.3 | F6: 10000 | G6: =_xlfn.XLOOKUP($C6,'Plaza SP Tar'!$C:$C,'Plaza SP Tar'!F:F) -> 3529886 | H6: 18000 | I6: =_xlfn.XLOOKUP($C6,'Plaza SP Tar'!$C:$C,'Plaza SP Tar'!G:G) -> 3882874.6 | J6: 25000 | K6: =_xlfn.XLOOKUP($C6,'Plaza SP Tar'!$C:$C,'Plaza SP Tar'!H:H) -> 4235863.2 | L6: 30000 | M6: =_xlfn.XLOOKUP($C6,'Plaza SP Tar'!$C:$C,'Plaza SP Tar'!I:I) -> 4588851.8 | N6: 40000 | O6: =_xlfn.XLOOKUP($C6,'Plaza SP Tar'!$C:$C,'Plaza SP Tar'!J:J) -> 4941840.4 | P6: 45000 | Q6: =_xlfn.XLOOKUP($C6,'Plaza SP Tar'!$C:$C,'Plaza SP Tar'!K:K) -> 5294829 | R6: 50000
A7: Division-01 | B7: Dhaka Central Area | C7: Walton Plaza-Bosila, Mohammadpur | D7: 1764009 | E7: =_xlfn.XLOOKUP($C7,'Plaza SP Tar'!$C:$C,'Plaza SP Tar'!E:E) -> 1925472.3 | F7: 10000 | G7: =_xlfn.XLOOKUP($C7,'Plaza SP Tar'!$C:$C,'Plaza SP Tar'!F:F) -> 2200539.8 | H7: 18000 | I7: =_xlfn.XLOOKUP($C7,'Plaza SP Tar'!$C:$C,'Plaza SP Tar'!G:G) -> 2420593.7 | J7: 25000 | K7: =_xlfn.XLOOKUP($C7,'Plaza SP Tar'!$C:$C,'Plaza SP Tar'!H:H) -> 2640647.7 | L7: 30000 | M7: =_xlfn.XLOOKUP($C7,'Plaza SP Tar'!$C:$C,'Plaza SP Tar'!I:I) -> 2860701.7 | N7: 40000 | O7: =_xlfn.XLOOKUP($C7,'Plaza SP Tar'!$C:$C,'Plaza SP Tar'!J:J) -> 3080755.7 | P7: 45000 | Q7: =_xlfn.XLOOKUP($C7,'Plaza SP Tar'!$C:$C,'Plaza SP Tar'!K:K) -> 3300809.6 | R7: 50000
A8: Division-01 | B8: Dhaka Central Area | C8: Walton Plaza-Chakbazar, Dhaka | D8: 2202234 | E8: =_xlfn.XLOOKUP($C8,'Plaza SP Tar'!$C:$C,'Plaza SP Tar'!E:E) -> 2403808.9 | F8: 10000 | G8: =_xlfn.XLOOKUP($C8,'Plaza SP Tar'!$C:$C,'Plaza SP Tar'!F:F) -> 2747210.2 | H8: 18000 | I8: =_xlfn.XLOOKUP($C8,'Plaza SP Tar'!$C:$C,'Plaza SP Tar'!G:G) -> 3021931.2 | J8: 25000 | K8: =_xlfn.XLOOKUP($C8,'Plaza SP Tar'!$C:$C,'Plaza SP Tar'!H:H) -> 3296652.2 | L8: 30000 | M8: =_xlfn.XLOOKUP($C8,'Plaza SP Tar'!$C:$C,'Plaza SP Tar'!I:I) -> 3571373.2 | N8: 40000 | O8: =_xlfn.XLOOKUP($C8,'Plaza SP Tar'!$C:$C,'Plaza SP Tar'!J:J) -> 3846094.2 | P8: 45000 | Q8: =_xlfn.XLOOKUP($C8,'Plaza SP Tar'!$C:$C,'Plaza SP Tar'!K:K) -> 4120815.2 | R8: 50000
A9: Division-01 | B9: Dhaka Central Area | C9: Walton Plaza-Elephant Road, Dhaka | D9: 3333392 | E9: =_xlfn.XLOOKUP($C9,'Plaza SP Tar'!$C:$C,'Plaza SP Tar'!E:E) -> 3638504.1 | F9: 10000 | G9: =_xlfn.XLOOKUP($C9,'Plaza SP Tar'!$C:$C,'Plaza SP Tar'!F:F) -> 4158290.4 | H9: 18000 | I9: =_xlfn.XLOOKUP($C9,'Plaza SP Tar'!$C:$C,'Plaza SP Tar'!G:G) -> 4574119.4 | J9: 25000 | K9: =_xlfn.XLOOKUP($C9,'Plaza SP Tar'!$C:$C,'Plaza SP Tar'!H:H) -> 4989948.4 | L9: 30000 | M9: =_xlfn.XLOOKUP($C9,'Plaza SP Tar'!$C:$C,'Plaza SP Tar'!I:I) -> 5405777.5 | N9: 40000 | O9: =_xlfn.XLOOKUP($C9,'Plaza SP Tar'!$C:$C,'Plaza SP Tar'!J:J) -> 5821606.5 | P9: 45000 | Q9: =_xlfn.XLOOKUP($C9,'Plaza SP Tar'!$C:$C,'Plaza SP Tar'!K:K) -> 6237435.5 | R9: 50000
A10: Division-01 | B10: Dhaka Central Area | C10: Walton Plaza-Kalindi, Keranigonj | D10: 2474626 | E10: =_xlfn.XLOOKUP($C10,'Plaza SP Tar'!$C:$C,'Plaza SP Tar'!E:E) -> 2701133.5 | F10: 10000 | G10: =_xlfn.XLOOKUP($C10,'Plaza SP Tar'!$C:$C,'Plaza SP Tar'!F:F) -> 3087009.7 | H10: 18000 | I10: =_xlfn.XLOOKUP($C10,'Plaza SP Tar'!$C:$C,'Plaza SP Tar'!G:G) -> 3395710.7 | J10: 25000 | K10: =_xlfn.XLOOKUP($C10,'Plaza SP Tar'!$C:$C,'Plaza SP Tar'!H:H) -> 3704411.6 | L10: 30000 | M10: =_xlfn.XLOOKUP($C10,'Plaza SP Tar'!$C:$C,'Plaza SP Tar'!I:I) -> 4013112.6 | N10: 40000 | O10: =_xlfn.XLOOKUP($C10,'Plaza SP Tar'!$C:$C,'Plaza SP Tar'!J:J) -> 4321813.6 | P10: 45000 | Q10: =_xlfn.XLOOKUP($C10,'Plaza SP Tar'!$C:$C,'Plaza SP Tar'!K:K) -> 4630514.5 | R10: 50000
A11: Division-01 | B11: Dhaka Central Area | C11: Walton Plaza-Kamrangirchar | D11: 1856175 | E11: =_xlfn.XLOOKUP($C11,'Plaza SP Tar'!$C:$C,'Plaza SP Tar'!E:E) -> 2026074.4 | F11: 10000 | G11: =_xlfn.XLOOKUP($C11,'Plaza SP Tar'!$C:$C,'Plaza SP Tar'!F:F) -> 2315513.6 | H11: 18000 | I11: =_xlfn.XLOOKUP($C11,'Plaza SP Tar'!$C:$C,'Plaza SP Tar'!G:G) -> 2547065 | J11: 25000 | K11: =_xlfn.XLOOKUP($C11,'Plaza SP Tar'!$C:$C,'Plaza SP Tar'!H:H) -> 2778616.3 | L11: 30000 | M11: =_xlfn.XLOOKUP($C11,'Plaza SP Tar'!$C:$C,'Plaza SP Tar'!I:I) -> 3010167.7 | N11: 40000 | O11: =_xlfn.XLOOKUP($C11,'Plaza SP Tar'!$C:$C,'Plaza SP Tar'!J:J) -> 3241719.1 | P11: 45000 | Q11: =_xlfn.XLOOKUP($C11,'Plaza SP Tar'!$C:$C,'Plaza SP Tar'!K:K) -> 3473270.4 | R11: 50000
A12: Division-01 | B12: Dhaka Central Area | C12: Walton Plaza-Kazla, Jatrabari | D12: 3801216 | E12: =_xlfn.XLOOKUP($C12,'Plaza SP Tar'!$C:$C,'Plaza SP Tar'!E:E) -> 4149148.9 | F12: 10000 | G12: =_xlfn.XLOOKUP($C12,'Plaza SP Tar'!$C:$C,'Plaza SP Tar'!F:F) -> 4741884.5 | H12: 18000 | I12: =_xlfn.XLOOKUP($C12,'Plaza SP Tar'!$C:$C,'Plaza SP Tar'!G:G) -> 5216072.9 | J12: 25000 | K12: =_xlfn.XLOOKUP($C12,'Plaza SP Tar'!$C:$C,'Plaza SP Tar'!H:H) -> 5690261.4 | L12: 30000 | M12: =_xlfn.XLOOKUP($C12,'Plaza SP Tar'!$C:$C,'Plaza SP Tar'!I:I) -> 6164449.8 | N12: 40000 | O12: =_xlfn.XLOOKUP($C12,'Plaza SP Tar'!$C:$C,'Plaza SP Tar'!J:J) -> 6638638.3 | P12: 45000 | Q12: =_xlfn.XLOOKUP($C12,'Plaza SP Tar'!$C:$C,'Plaza SP Tar'!K:K) -> 7112826.7 | R12: 50000
A13: Division-01 | B13: Dhaka Central Area | C13: Walton Plaza-Ramerkanda | D13: 4576267 | E13: =_xlfn.XLOOKUP($C13,'Plaza SP Tar'!$C:$C,'Plaza SP Tar'!E:E) -> 4995141.9 | F13: 10000 | G13: =_xlfn.XLOOKUP($C13,'Plaza SP Tar'!$C:$C,'Plaza SP Tar'!F:F) -> 5708733.6 | H13: 18000 | I13: =_xlfn.XLOOKUP($C13,'Plaza SP Tar'!$C:$C,'Plaza SP Tar'!G:G) -> 6279607 | J13: 25000 | K13: =_xlfn.XLOOKUP($C13,'Plaza SP Tar'!$C:$C,'Plaza SP Tar'!H:H) -> 6850480.3 | L13: 30000 | M13: =_xlfn.XLOOKUP($C13,'Plaza SP Tar'!$C:$C,'Plaza SP Tar'!I:I) -> 7421353.7 | N13: 40000 | O13: =_xlfn.XLOOKUP($C13,'Plaza SP Tar'!$C:$C,'Plaza SP Tar'!J:J) -> 7992227 | P13: 45000 | Q13: =_xlfn.XLOOKUP($C13,'Plaza SP Tar'!$C:$C,'Plaza SP Tar'!K:K) -> 8563100.4 | R13: 50000
A14: Division-01 | B14: Dhaka Central Area | C14: Walton Plaza-Rayer Bazar, Mohammadpur | D14: 2121144 | E14: =_xlfn.XLOOKUP($C14,'Plaza SP Tar'!$C:$C,'Plaza SP Tar'!E:E) -> 2315296.6 | F14: 10000 | G14: =_xlfn.XLOOKUP($C14,'Plaza SP Tar'!$C:$C,'Plaza SP Tar'!F:F) -> 2646053.2 | H14: 18000 | I14: =_xlfn.XLOOKUP($C14,'Plaza SP Tar'!$C:$C,'Plaza SP Tar'!G:G) -> 2910658.5 | J14: 25000 | K14: =_xlfn.XLOOKUP($C14,'Plaza SP Tar'!$C:$C,'Plaza SP Tar'!H:H) -> 3175263.9 | L14: 30000 | M14: =_xlfn.XLOOKUP($C14,'Plaza SP Tar'!$C:$C,'Plaza SP Tar'!I:I) -> 3439869.2 | N14: 40000 | O14: =_xlfn.XLOOKUP($C14,'Plaza SP Tar'!$C:$C,'Plaza SP Tar'!J:J) -> 3704474.5 | P14: 45000 | Q14: =_xlfn.XLOOKUP($C14,'Plaza SP Tar'!$C:$C,'Plaza SP Tar'!K:K) -> 3969079.8 | R14: 50000
... A696: Division-10 | B696: Sayedpur Area | C696: Walton Plaza-Uttara EPZ, Nilphamari | D696: 3801799 | E696: =_xlfn.XLOOKUP($C696,'Plaza SP Tar'!$C:$C,'Plaza SP Tar'!E:E) -> 4149785.3 | F696: 10000 | G696: =_xlfn.XLOOKUP($C696,'Plaza SP Tar'!$C:$C,'Plaza SP Tar'!F:F) -> 4742611.8 | H696: 18000 | I696: =_xlfn.XLOOKUP($C696,'Plaza SP Tar'!$C:$C,'Plaza SP Tar'!G:G) -> 5216872.9 | J696: 25000 | K696: =_xlfn.XLOOKUP($C696,'Plaza SP Tar'!$C:$C,'Plaza SP Tar'!H:H) -> 5691134.1 | L696: 30000 | M696: =_xlfn.XLOOKUP($C696,'Plaza SP Tar'!$C:$C,'Plaza SP Tar'!I:I) -> 6165395.3 | N696: 40000 | O696: =_xlfn.XLOOKUP($C696,'Plaza SP Tar'!$C:$C,'Plaza SP Tar'!J:J) -> 6639656.5 | P696: 45000 | Q696: =_xlfn.XLOOKUP($C696,'Plaza SP Tar'!$C:$C,'Plaza SP Tar'!K:K) -> 7113917.6 | R696: 50000
D697: 3206502403 | E697: =SUM(E3:E696) -> 3.5e+09 | F697: =SUM(F3:F696) -> 6940000 | G697: =SUM(G3:G696) -> 4e+09 | H697: =SUM(H3:H696) -> 12492000 | I697: =SUM(I3:I696) -> 4.4e+09 | J697: =SUM(J3:J696) -> 17350000 | K697: =SUM(K3:K696) -> 4800000000 | L697: =SUM(L3:L696) -> 20820000 | ... R697: =SUM(R3:R696) -> 34700000

Sheet Plaza SP Tar
E1: 3500000000 | F1: 4000000000 | G1: 4400000000 | H1: 4800000000 | I1: 5200000000 | J1: 5600000000 | K1: 6000000000
A2: June | B2: Area | C2: Plaza Name | D2: Total Sales | E2: Target-1 | F2: Target-2 | G2: Target-3 | H2: Target-4 | I2: Target-5 | J2: Target-6 | K2: Target-7
A3: Division-01 | B3: Dhaka Central Area | C3: Walton Plaza-Ati Bazar | D3: 2928133 | E3: =E$1/SUM($D$3:$D$696)*$D3 -> 3196150.9 | F3: =F$1/SUM($D$3:$D$696)*$D3 -> 3652743.9 | G3: =G$1/SUM($D$3:$D$696)*$D3 -> 4018018.3 | H3: =H$1/SUM($D$3:$D$696)*$D3 -> 4383292.6 | I3: =I$1/SUM($D$3:$D$696)*$D3 -> 4748567 | J3: =J$1/SUM($D$3:$D$696)*$D3 -> 5113841.4 | K3: =K$1/SUM($D$3:$D$696)*$D3 -> 5479115.8
A4: Division-01 | B4: Dhaka Central Area | C4: Walton Plaza-Azimpur | D4: 4468551 | E4: =$E$1/SUM($D$3:$D$696)*D4 -> 4877566.4 | F4: =F$1/SUM($D$3:$D$696)*$D4 -> 5574361.6 | G4: =G$1/SUM($D$3:$D$696)*$D4 -> 6131797.8 | H4: =H$1/SUM($D$3:$D$696)*$D4 -> 6689234 | I4: =I$1/SUM($D$3:$D$696)*$D4 -> 7246670.1 | J4: =J$1/SUM($D$3:$D$696)*$D4 -> 7804106.3 | K4: =K$1/SUM($D$3:$D$696)*$D4 -> 8361542.5
A5: Division-01 | B5: Dhaka Central Area | C5: Walton Plaza-Banglamotor | D5: 5082905 | E5: =$E$1/SUM($D$3:$D$696)*D5 -> 5548153.5 | F5: =F$1/SUM($D$3:$D$696)*$D5 -> 6340746.8 | G5: =G$1/SUM($D$3:$D$696)*$D5 -> 6974821.5 | H5: =H$1/SUM($D$3:$D$696)*$D5 -> 7608896.2 | I5: =I$1/SUM($D$3:$D$696)*$D5 -> 8242970.9 | J5: =J$1/SUM($D$3:$D$696)*$D5 -> 8877045.6 | K5: =K$1/SUM($D$3:$D$696)*$D5 -> 9511120.3
A6: Division-01 | B6: Dhaka Central Area | C6: Walton Plaza-Bangshal | D6: 2829647 | E6: =$E$1/SUM($D$3:$D$696)*D6 -> 3088650.3 | F6: =F$1/SUM($D$3:$D$696)*$D6 -> 3529886 | G6: =G$1/SUM($D$3:$D$696)*$D6 -> 3882874.6 | H6: =H$1/SUM($D$3:$D$696)*$D6 -> 4235863.2 | I6: =I$1/SUM($D$3:$D$696)*$D6 -> 4588851.8 | J6: =J$1/SUM($D$3:$D$696)*$D6 -> 4941840.4 | K6: =K$1/SUM($D$3:$D$696)*$D6 -> 5294829
A7: Division-01 | B7: Dhaka Central Area | C7: Walton Plaza-Bosila, Mohammadpur | D7: 1764009 | E7: =$E$1/SUM($D$3:$D$696)*D7 -> 1925472.3 | F7: =F$1/SUM($D$3:$D$696)*$D7 -> 2200539.8 | G7: =G$1/SUM($D$3:$D$696)*$D7 -> 2420593.7 | H7: =H$1/SUM($D$3:$D$696)*$D7 -> 2640647.7 | I7: =I$1/SUM($D$3:$D$696)*$D7 -> 2860701.7 | J7: =J$1/SUM($D$3:$D$696)*$D7 -> 3080755.7 | K7: =K$1/SUM($D$3:$D$696)*$D7 -> 3300809.6
A8: Division-01 | B8: Dhaka Central Area | C8: Walton Plaza-Chakbazar, Dhaka | D8: 2202234 | E8: =$E$1/SUM($D$3:$D$696)*D8 -> 2403808.9 | F8: =F$1/SUM($D$3:$D$696)*$D8 -> 2747210.2 | G8: =G$1/SUM($D$3:$D$696)*$D8 -> 3021931.2 | H8: =H$1/SUM($D$3:$D$696)*$D8 -> 3296652.2 | I8: =I$1/SUM($D$3:$D$696)*$D8 -> 3571373.2 | J8: =J$1/SUM($D$3:$D$696)*$D8 -> 3846094.2 | K8: =K$1/SUM($D$3:$D$696)*$D8 -> 4120815.2
A9: Division-01 | B9: Dhaka Central Area | C9: Walton Plaza-Elephant Road, Dhaka | D9: 3333392 | E9: =$E$1/SUM($D$3:$D$696)*D9 -> 3638504.1 | F9: =F$1/SUM($D$3:$D$696)*$D9 -> 4158290.4 | G9: =G$1/SUM($D$3:$D$696)*$D9 -> 4574119.4 | H9: =H$1/SUM($D$3:$D$696)*$D9 -> 4989948.4 | I9: =I$1/SUM($D$3:$D$696)*$D9 -> 5405777.5 | J9: =J$1/SUM($D$3:$D$696)*$D9 -> 5821606.5 | K9: =K$1/SUM($D$3:$D$696)*$D9 -> 6237435.5
A10: Division-01 | B10: Dhaka South Area | C10: Walton Plaza-Kalindi, Keranigonj | D10: 2474626 | E10: =$E$1/SUM($D$3:$D$696)*D10 -> 2701133.5 | F10: =F$1/SUM($D$3:$D$696)*$D10 -> 3087009.7 | G10: =G$1/SUM($D$3:$D$696)*$D10 -> 3395710.7 | H10: =H$1/SUM($D$3:$D$696)*$D10 -> 3704411.6 | I10: =I$1/SUM($D$3:$D$696)*$D10 -> 4013112.6 | J10: =J$1/SUM($D$3:$D$696)*$D10 -> 4321813.6 | K10: =K$1/SUM($D$3:$D$696)*$D10 -> 4630514.5
A11: Division-01 | B11: Dhaka Central Area | C11: Walton Plaza-Kamrangirchar | D11: 1856175 | E11: =$E$1/SUM($D$3:$D$696)*D11 -> 2026074.4 | F11: =F$1/SUM($D$3:$D$696)*$D11 -> 2315513.6 | G11: =G$1/SUM($D$3:$D$696)*$D11 -> 2547065 | H11: =H$1/SUM($D$3:$D$696)*$D11 -> 2778616.3 | I11: =I$1/SUM($D$3:$D$696)*$D11 -> 3010167.7 | J11: =J$1/SUM($D$3:$D$696)*$D11 -> 3241719.1 | K11: =K$1/SUM($D$3:$D$696)*$D11 -> 3473270.4
A12: Division-01 | B12: Dhaka Central Area | C12: Walton Plaza-Kazla, Jatrabari | D12: 3801216 | E12: =$E$1/SUM($D$3:$D$696)*D12 -> 4149148.9 | F12: =F$1/SUM($D$3:$D$696)*$D12 -> 4741884.5 | G12: =G$1/SUM($D$3:$D$696)*$D12 -> 5216072.9 | H12: =H$1/SUM($D$3:$D$696)*$D12 -> 5690261.4 | I12: =I$1/SUM($D$3:$D$696)*$D12 -> 6164449.8 | J12: =J$1/SUM($D$3:$D$696)*$D12 -> 6638638.3 | K12: =K$1/SUM($D$3:$D$696)*$D12 -> 7112826.7
A13: Division-01 | B13: Dhaka Central Area | C13: Walton Plaza-Ramerkanda | D13: 4576267 | E13: =$E$1/SUM($D$3:$D$696)*D13 -> 4995141.9 | F13: =F$1/SUM($D$3:$D$696)*$D13 -> 5708733.6 | G13: =G$1/SUM($D$3:$D$696)*$D13 -> 6279607 | H13: =H$1/SUM($D$3:$D$696)*$D13 -> 6850480.3 | I13: =I$1/SUM($D$3:$D$696)*$D13 -> 7421353.7 | J13: =J$1/SUM($D$3:$D$696)*$D13 -> 7992227 | K13: =K$1/SUM($D$3:$D$696)*$D13 -> 8563100.4
A14: Division-01 | B14: Dhaka Central Area | C14: Walton Plaza-Rayer Bazar, Mohammadpur | D14: 2121144 | E14: =$E$1/SUM($D$3:$D$696)*D14 -> 2315296.6 | F14: =F$1/SUM($D$3:$D$696)*$D14 -> 2646053.2 | G14: =G$1/SUM($D$3:$D$696)*$D14 -> 2910658.5 | H14: =H$1/SUM($D$3:$D$696)*$D14 -> 3175263.9 | I14: =I$1/SUM($D$3:$D$696)*$D14 -> 3439869.2 | J14: =J$1/SUM($D$3:$D$696)*$D14 -> 3704474.5 | K14: =K$1/SUM($D$3:$D$696)*$D14 -> 3969079.8
A15: Division-01 | B15: Dhaka Central Area | C15: Walton Plaza-South Jatrabari | D15: 3103412 | E15: =$E$1/SUM($D$3:$D$696)*D15 -> 3387473.5 | F15: =F$1/SUM($D$3:$D$696)*$D15 -> 3871398.3 | G15: =G$1/SUM($D$3:$D$696)*$D15 -> 4258538.1 | H15: =H$1/SUM($D$3:$D$696)*$D15 -> 4645678 | I15: =I$1/SUM($D$3:$D$696)*$D15 -> 5032817.8 | J15: =J$1/SUM($D$3:$D$696)*$D15 -> 5419957.6 | K15: =K$1/SUM($D$3:$D$696)*$D15 -> 5807097.5
... A696: Division-10 | B696: Sayedpur Area | C696: Walton Plaza-Uttara EPZ, Nilphamari | D696: 3801799 | E696: =$E$1/SUM($D$3:$D$696)*D696 -> 4149785.3 | F696: =F$1/SUM($D$3:$D$696)*$D696 -> 4742611.8 | G696: =G$1/SUM($D$3:$D$696)*$D696 -> 5216872.9 | H696: =H$1/SUM($D$3:$D$696)*$D696 -> 5691134.1 | I696: =I$1/SUM($D$3:$D$696)*$D696 -> 6165395.3 | J696: =J$1/SUM($D$3:$D$696)*$D696 -> 6639656.5 | K696: =K$1/SUM($D$3:$D$696)*$D696 -> 7113917.6
D697: 3206502403 | E697: =SUM(E3:E696) -> 3.5e+09 | F697: =SUM(F3:F696) -> 4e+09 | G697: =SUM(G3:G696) -> 4.4e+09 | H697: =SUM(H3:H696) -> 4800000000 | I697: =SUM(I3:I696) -> 5.2e+09 | J697: =SUM(J3:J696) -> 5.6e+09 | K697: =SUM(K3:K696) -> 6e+09
